xcode-playground-see-playground-in-project-navigator.png,sdk/swift/xcode-playgrounds.txt
multi-user.png,web/work-with-multiple-users.txt
multi-user.png,sdk/react-native/manage-users/multi-user-applications.txt
multi-user.png,sdk/java/advanced-guides/multi-user-applications.txt
multi-user.png,sdk/dotnet/manage-users/multi-user-applications.txt
multi-user.png,sdk/flutter/users/multiple-users.txt
multi-user.png,sdk/swift/users/multi-user-applications.txt
multi-user.png,sdk/node/advanced/multi-user-applications.txt
add-package-from-tar-unity.png,sdk/dotnet/unity.txt
unity-find-latest-dotnet-release.png,sdk/dotnet/unity.txt
hero.png,index.txt
android-livedata-quickstart-app.png,sdk/java/livedata.txt
mvcc-diagram.png,includes/commit-process-diagram.rst
view-enabled-flipper-plugin.png,sdk/react-native/test-and-debug/debugging-with-flipper.txt
Connection_Blue.png,web.txt
Spot_MauvePurple_Infrastructure_Tech_RealmApp2x.png,sdk/java.txt
Spot_MauvePurple_Infrastructure_Tech_RealmApp2x.png,sdk/react-native.txt
Spot_MauvePurple_Infrastructure_Tech_RealmApp2x.png,sdk/cpp.txt
Spot_MauvePurple_Infrastructure_Tech_RealmApp2x.png,sdk/flutter.txt
Spot_MauvePurple_Infrastructure_Tech_RealmApp2x.png,sdk/dotnet.txt
Spot_MauvePurple_Infrastructure_Tech_RealmApp2x.png,sdk/kotlin.txt
Spot_MauvePurple_Infrastructure_Tech_RealmApp2x.png,sdk/node.txt
Spot_MauvePurple_Infrastructure_Tech_RealmApp2x.png,sdk/swift.txt
Spot_BrightYellow_Query_Tech_Compass.png,web.txt
Spot_MauvePurple_Logic_Tech_RealmApp2x.png,sdk/react-native.txt
Spot_MauvePurple_Logic_Tech_RealmApp2x.png,sdk/swift.txt
Spot_AzureBlue_Mobile_Tech_RealmSync.png,sdk/java.txt
Spot_AzureBlue_Mobile_Tech_RealmSync.png,sdk/react-native.txt
Spot_AzureBlue_Mobile_Tech_RealmSync.png,sdk/cpp.txt
Spot_AzureBlue_Mobile_Tech_RealmSync.png,sdk/flutter.txt
Spot_AzureBlue_Mobile_Tech_RealmSync.png,sdk/dotnet.txt
Spot_AzureBlue_Mobile_Tech_RealmSync.png,sdk/kotlin.txt
Spot_AzureBlue_Mobile_Tech_RealmSync.png,sdk/node.txt
Spot_AzureBlue_Mobile_Tech_RealmSync.png,sdk/swift.txt
Spot_MauvePurple_APIs_Tech_RealmApp.png,sdk/java.txt
Spot_MauvePurple_APIs_Tech_RealmApp.png,sdk/react-native.txt
Spot_MauvePurple_APIs_Tech_RealmApp.png,sdk/cpp.txt
Spot_MauvePurple_APIs_Tech_RealmApp.png,sdk/flutter.txt
Spot_MauvePurple_APIs_Tech_RealmApp.png,sdk/dotnet.txt
Spot_MauvePurple_APIs_Tech_RealmApp.png,sdk/node.txt
Spot_MauvePurple_APIs_Tech_RealmApp.png,sdk/swift.txt
Spot_MauvePurple_APIs_Tech_RealmApp.png,web.txt
add-realm-flipper-plugin.png,sdk/react-native/test-and-debug/debugging-with-flipper.txt
xcode-clean-build-folder.png,sdk/swift/test-and-debug.txt
click-enable-plugin-flipper.png,sdk/react-native/test-and-debug/debugging-with-flipper.txt
electron-app.png,sdk/node/integrations/electron.txt
realm-studio-click-into-list-of-tasks.png,studio/modify-objects.txt
projected-types-persisted-types-in-schema.png,sdk/swift/model-data/define-model/supported-types.txt
realm-studio.png,studio.txt
unity-realm-is-installed.png,sdk/dotnet/unity.txt
vs-win-nuget-search.png,includes/dotnet-install-realm.rst
electron-cra.png,sdk/node/integrations/electron-cra.txt
node_js_sdk.svg,sdk.txt
node_js_sdk.svg,index.txt
electron_logo.png,sdk/node.txt
web_sdk.svg,sdk.txt
web_sdk.svg,index.txt
expo_logo.svg,sdk/react-native.txt
flutter.svg,sdk.txt
flutter.svg,index.txt
flutter.svg,sdk/flutter.txt
swift_sdk.svg,sdk.txt
swift_sdk.svg,index.txt
nextjs-logo-icon.png,web.txt
react_native_sdk.svg,sdk.txt
react_native_sdk.svg,index.txt
react-logo-icon.png,web.txt
cpp_sdk.svg,index.txt
realm.svg,index.txt
dot_net_sdk.svg,sdk.txt
dot_net_sdk.svg,index.txt
general-flexibility.png,sdk/kotlin.txt
android_sdk.svg,sdk.txt
android_sdk.svg,index.txt
General_CONTENT_Tutorial3x.png,sdk/java.txt
General_CONTENT_Tutorial3x.png,sdk/react-native.txt
General_CONTENT_Tutorial3x.png,sdk/flutter.txt
General_CONTENT_Tutorial3x.png,sdk/dotnet.txt
General_CONTENT_Tutorial3x.png,sdk/kotlin.txt
General_CONTENT_Tutorial3x.png,sdk/swift.txt
General_CONTENT_Tutorial3x.png,web.txt
Technical_REALM_Mobile3x.png,sdk/react-native.txt
Technical_REALM_Mobile3x.png,sdk/flutter.txt
Technical_REALM_Mobile3x.png,sdk/dotnet.txt
Technical_REALM_Mobile3x.png,sdk/kotlin.txt
Technical_REALM_Mobile3x.png,sdk/swift.txt
Technical_REALM_Mobile3x.png,web.txt
Technical_ATLAS_Functions3x.png,sdk/react-native.txt
Technical_ATLAS_Functions3x.png,sdk/cpp.txt
Technical_ATLAS_Functions3x.png,sdk/flutter.txt
Technical_ATLAS_Functions3x.png,sdk/dotnet.txt
Technical_ATLAS_Functions3x.png,sdk/kotlin.txt
Technical_ATLAS_Functions3x.png,sdk/swift.txt
Technical_ATLAS_Functions3x.png,web.txt
Technical_REALM_SDK3x.png,sdk/java.txt
Technical_REALM_SDK3x.png,sdk/cpp.txt
Technical_REALM_SDK3x.png,sdk/dotnet.txt
Technical_REALM_SDK3x.png,sdk/kotlin.txt
Technical_REALM_SDK3x.png,sdk/swift.txt
General_ACTION_BestPractices3x.png,sdk/react-native.txt
General_ACTION_BestPractices3x.png,sdk/node.txt
kotlin_sdk.svg,sdk.txt
kotlin_sdk.svg,index.txt
xcode-playground-blank-ios.png,sdk/swift/xcode-playgrounds.txt
flipper-getting-started.png,sdk/react-native/test-and-debug/debugging-with-flipper.txt
carthage-add-frameworks.png,sdk/swift/install.txt
vs-win-nuget.png,includes/dotnet-install-realm.rst
unity-open-advanced-project-settings.png,sdk/dotnet/unity.txt
realm-studio-create-task-from-category-work.png,studio/modify-objects.txt
realm-studio-task-creation-ui.png,studio/modify-objects.txt
vs-mac-nuget.png,includes/dotnet-install-realm.rst
xcode-playgrounds-create-in-project.png,sdk/swift/xcode-playgrounds.txt
unity-download-tgz.png,sdk/dotnet/unity.txt
android-studio-debugging.png,sdk/java/advanced-guides/debugging.txt
reload-flipper.png,sdk/react-native/test-and-debug/debugging-with-flipper.txt
xcode-select-target-add-capability.png,includes/xcode-set-up-background-task-in-project.rst
unity-add-scoped-registry-form.png,sdk/dotnet/unity.txt
--done--
